,precision,recall,f1-score,support
no,0.9459459459459459,0.35,0.5109489051094891,300.0
yes,0.6012269938650306,0.98,0.7452471482889734,300.0
accuracy,0.665,0.665,0.665,0.665
macro avg,0.7735864699054883,0.665,0.6280980266992313,600.0
weighted avg,0.7735864699054883,0.665,0.6280980266992312,600.0
